record_id,phrase,gold_code,predicted_code,confidence,correct
LIPITOR.194.ann_TT6,bloating,10000060,10000060,0.6907894222918445,1
LIPITOR.849.ann_TT3,slightly dizzy virtually all the time,10013573,10013573,0.5520434735149834,1
LIPITOR.235.ann_TT4,memory deficits,10027175,10027175,0.33105752313087045,1
LIPITOR.10.ann_TT1,calf of left leg began to burn,10033371,10053615,0.2949875993925503,0
LIPITOR.574.ann_TT5,glutes muscle pain in the,10028411,10028411,0.33030108336742775,1
LIPITOR.595.ann_TT4,vivid weird dreams,10000125,10000125,0.5313519120805178,1
LIPITOR.557.ann_TT2,knee pain,10003239,10003239,0.6527217803872281,1
ARTHROTEC.47.ann_TT9,Charlie Horses,10028334,10048010,0.06992811227757847,0
VOLTAREN.20.ann_TT8,asthmatic,10003553,10003553,0.8145114100364703,1
LIPITOR.617.ann_TT9,pain,10033371,10033371,0.6918009276629387,1
LIPITOR.630.ann_TT1,muscle pain,10028411,10028411,0.46389765415781087,1
LIPITOR.458.ann_TT5,pain,10033371,10033371,0.6918009276629387,1
LIPITOR.457.ann_TT1,cramping in my stomach,10000087,10000087,0.4601621078046886,1
LIPITOR.879.ann_TT1,fluids pooling in my lower extremeties - especially my feet,10016807,10042674,0.15747547452062424,0
LIPITOR.543.ann_TT7,flu symptons,10022004,10022004,0.5024619811870275,1
LIPITOR.772.ann_TT1,severe muscle pain in my shoulders,10033371,10028391,0.33859508553395484,0
LIPITOR.1000.ann_TT6,Low Libido,10024419,10024421,0.23912685573020961,0
LIPITOR.925.ann_TT12,Insomnia,10022437,10022437,0.6545761969933911,1
LIPITOR.325.ann_TT4,pains,10033371,10033371,0.5990571273837269,1
LIPITOR.656.ann_TT3,swallowing problems,10013950,10013950,0.29443385387720644,1
LIPITOR.901.ann_TT3,Leg cramps,10028334,10028334,0.5613015747334125,1
LIPITOR.595.ann_TT5,large dark bruise on hand,10050584,10050584,0.3965588011990746,1
LIPITOR.323.ann_TT2,anxiety,10002855,10002855,0.6287385060427579,1
LIPITOR.352.ann_TT6,brain tumor,10061019,10028997,0.3123402149240201,0
LIPITOR.165.ann_TT6,diabetes,10012601,10012601,0.6642544142530667,1
LIPITOR.69.ann_TT3,aches and pains in my back,10003988,10033371,0.4898953486943416,0
LIPITOR.385.ann_TT1,Severe myalgia,10028411,10028411,0.5536552907208644,1
ARTHROTEC.4.ann_TT2,menstruating with heavy bleeding every 11 days,10064050,10055798,0.2517954026963525,0
LIPITOR.972.ann_TT9,neurological damage,10029202,10060860,0.3047362292836317,0
LIPITOR.422.ann_TT4,feeling tired all the time,10016256,10016256,0.31800598411833525,1
LIPITOR.448.ann_TT4,tiredness,10016256,10016256,0.7429707900888743,1
LIPITOR.113.ann_TT3,back pain,10003988,10003988,0.7174409065067193,1
LIPITOR.658.ann_TT3,joint pains,10003239,10003239,0.47287799559699656,1
LIPITOR.865.ann_TT4,hammer toe,10061159,10068872,0.19003895019595013,0
LIPITOR.384.ann_TT1,muscle aches,10028411,10028411,0.43325784885683843,1
LIPITOR.536.ann_TT3,bloated,10000060,10000060,0.7463059597177857,1
LIPITOR.378.ann_TT8,pain in legs,10033425,10033425,0.4396908499785779,1
LIPITOR.171.ann_TT6,neck pain,10028836,10028836,0.7276233879491112,1
ARTHROTEC.64.ann_TT6,stomach pain,10000087,10000087,0.6590991803790386,1
ARTHROTEC.109.ann_TT4,pain in my stomach,10000081,10000087,0.5150400951078529,0
LIPITOR.965.ann_TT9,shoulders ache,10028391,10028391,0.5759967287019211,1
LIPITOR.17.ann_TT6,Serial Lactic Acid levels consitently well above normal range,10005635,10016880,0.17003444206272564,0
LIPITOR.434.ann_TT2,dry throat and mouth,10013781,10013781,0.36342570197343216,1
LIPITOR.979.ann_TT20,Sore muscles,10028411,10028334,0.23743686045976853,0
LIPITOR.475.ann_TT4,head pressure,10019194,10005750,0.35929682276214825,0
LIPITOR.87.ann_TT1,Weak,10003549,10003549,0.680444115917777,1
LIPITOR.35.ann_TT7,back pain,10003988,10003988,0.7174409065067193,1
LIPITOR.346.ann_TT5,constipation,10010774,10010774,0.9113177292767352,1
LIPITOR.191.ann_TT1,calves are sore and tender to the touch,10033425,10043224,0.43329513461910496,0
LIPITOR.327.ann_TT21,TYPE II DIABETES BECAME UNCONTROLLED,10067585,10012601,0.2807153615901975,0
LIPITOR.918.ann_TT1,cramping in calf,10028334,10028334,0.47473851411586626,1
LIPITOR.856.ann_TT10,Joint pain in hips,10003239,10003239,0.5252819740994534,1
LIPITOR.585.ann_TT4,pain in my lower leg,10033425,10033425,0.41080564921720514,1
ARTHROTEC.6.ann_TT17,abdominal discomfort,10000059,10000059,0.5923208919909253,1
LIPITOR.216.ann_TT11,blurred thinking,10027353,10047513,0.2915959790537588,0
LIPITOR.86.ann_TT1,headaches,10019211,10019211,0.7224401554640287,1
LIPITOR.617.ann_TT3,terrible pains in big toe,10033425,10033371,0.2977180345309799,0
ARTHROTEC.126.ann_TT8,pain pain pain,10033371,10033371,0.6918009276629387,1
LIPITOR.851.ann_TT8,weakness in both legs,10028372,10003549,0.4214100242422918,0
LIPITOR.548.ann_TT4,not able to remember things like whether I had done something or where I had placed something,10027175,10020651,0.3074877285061276,0
LIPITOR.823.ann_TT1,Cramps in calves,10028334,10028334,0.5149057681424785,1
LIPITOR.336.ann_TT5,gas,10016766,10016766,0.8488571180332763,1
LIPITOR.356.ann_TT7,arthritic knees,10003246,10003246,0.2963491340965179,1
LIPITOR.258.ann_TT20,could not walk,10053204,10002652,0.2229511876925649,0
LIPITOR.341.ann_TT1,gas,10016766,10016766,0.8488571180332763,1
LIPITOR.479.ann_TT1,severe lower back pain,10033371,10003988,0.6052791796567221,0
LIPITOR.46.ann_TT6,lack of sleep,10022437,10022437,0.3044935140824455,1
ARTHROTEC.128.ann_TT3,pain,10033371,10033371,0.6918009276629387,1
LIPITOR.966.ann_TT7,stomach pain,10000087,10000087,0.6590991803790386,1
LIPITOR.695.ann_TT7,stomach aches,10000087,10000087,0.6717361745795893,1
LIPITOR.891.ann_TT8,cramps in chest,10028334,10028334,0.5066562157160738,1
LIPITOR.485.ann_TT2,insomnia,10022437,10022437,0.6545761969933911,1
LIPITOR.979.ann_TT2,stiff knees,10023230,10003239,0.3806755060803388,0
LIPITOR.546.ann_TT50,left shoulder is almost immobile,10052904,10028391,0.34768531850793566,0
LIPITOR.666.ann_TT3,lower back pain,10003988,10003988,0.7558780410293513,1
LIPITOR.963.ann_TT3,insomnia,10022437,10022437,0.6545761969933911,1
ARTHROTEC.32.ann_TT1,severe abdominal pain,10033371,10000081,0.46232307691640845,0
LIPITOR.52.ann_TT9,neurodegeneration,10053643,10025409,0.3424827175870151,0
LIPITOR.627.ann_TT2,extreme pain,10033371,10033425,0.360748996799773,0
LIPITOR.856.ann_TT8,Deep bruising,10050584,10050584,0.5295998780353713,1
LIPITOR.873.ann_TT4,loss of sexual drive,10024419,10040477,0.40568116443491686,0
LIPITOR.776.ann_TT6,eczema,10014184,10014184,0.9199789049369969,1
ARTHROTEC.85.ann_TT5,bathroom with the runs,10012735,10017367,0.49269641535822606,0
LIPITOR.990.ann_TT3,Dizzy,10013573,10013573,0.7547138931445874,1
CATAFLAM.10.ann_TT1,rectal bleeding,10038063,10038063,0.4146264856751729,1
ARTHROTEC.99.ann_TT2,queasiness,10028813,10041349,0.17189015409028832,0
ARTHROTEC.35.ann_TT8,bleeding several times a month menstrual cycle is completely out of whack,10027339,10055798,0.15990500825659737,0
ARTHROTEC.76.ann_TT6,arthritis,10003246,10003246,0.7029020819779768,1
LIPITOR.97.ann_TT1,extreme forgetfulness,10027175,10027175,0.6782139638063058,1
LIPITOR.339.ann_TT9,senistivity in the palms and soles of my feet,10020568,10033425,0.14348770919037424,0
LIPITOR.118.ann_TT2,paranoia,10012255,10012255,0.4258454340044656,1
LIPITOR.803.ann_TT2,plantar fasciatis,10035155,10035155,0.38745560043861005,1
LIPITOR.413.ann_TT3,bloating,10000060,10000060,0.6907894222918445,1
LIPITOR.141.ann_TT8,unable to move,10011953,10041002,0.29044381320401136,0
LIPITOR.125.ann_TT2,restless legs,10058920,10058920,0.6100755420499167,1
ARTHROTEC.56.ann_TT2,hip pain,10003239,10003239,0.6691299558581248,1
ARTHROTEC.110.ann_TT7,pain,10033371,10033371,0.6918009276629387,1
VOLTAREN.11.ann_TT1,agitated,10001497,10001497,0.8254307616190055,1
LIPITOR.885.ann_TT2,fuzzy headed,10016322,10013573,0.2977921130441211,0
LIPITOR.8.ann_TT7,pain,10033371,10033371,0.6918009276629387,1
ARTHROTEC.16.ann_TT3,lower back pain,10003988,10003988,0.7558780410293513,1
ARTHROTEC.143.ann_TT3,severe abdominal pain,10033371,10000081,0.46232307691640845,0
VOLTAREN.8.ann_TT14,disoriented,10013395,10013395,0.8232915851651428,1
VOLTAREN.43.ann_TT2,nausea,10028813,10028813,0.9545422318643338,1
LIPITOR.955.ann_TT7,mild joint pain,10003239,10003239,0.5242549374229076,1
CAMBIA.2.ann_TT2,bleeding problems,10055798,10055798,0.35866076427025395,1
LIPITOR.794.ann_TT1,Aching in legs,10033425,10033371,0.425243781465672,0
LIPITOR.555.ann_TT1,Lower back pain,10003988,10003988,0.7558780410293513,1
LIPITOR.318.ann_TT8,back pain,10003988,10003988,0.7174409065067193,1
VOLTAREN.20.ann_TT5,stomache ulcers,10017822,10045285,0.4631259394199139,0
LIPITOR.538.ann_TT4,feeling shakey,10049848,10044565,0.5851723293355279,0
LIPITOR.398.ann_TT5,moody,10027940,10027940,0.6068708424062826,1
LIPITOR.966.ann_TT8,palpitations,10033557,10033557,0.8627658202251276,1
LIPITOR.247.ann_TT12,severe pain in hand,10033371,10033425,0.3279795082246424,0
LIPITOR.571.ann_TT1,Muscle pain,10028411,10028411,0.46389765415781087,1
LIPITOR.10.ann_TT5,cannot get to sleep on my own,10022035,10020765,0.25011080672762165,0
ARTHROTEC.86.ann_TT6,thumbs hurt so bad,10033425,10033371,0.40639021810958054,0
LIPITOR.760.ann_TT1,pain in right thigh,10033425,10033425,0.423199899731936,1
LIPITOR.359.ann_TT8,gas,10016766,10016766,0.8488571180332763,1
LIPITOR.368.ann_TT1,calf pains,10033425,10033371,0.4651470789693618,0
LIPITOR.106.ann_TT6,anxiety,10002855,10002855,0.6287385060427579,1
LIPITOR.728.ann_TT3,stabbing pain in my spine,10033371,10033371,0.19553442624491746,1
LIPITOR.377.ann_TT5,depression,10012378,10012378,0.6521802205713599,1
LIPITOR.64.ann_TT4,brain fog,10027353,10027353,0.7648833729750004,1
LIPITOR.944.ann_TT5,eyes microabrasions,10012423,10013774,0.21049148016812028,0
LIPITOR.990.ann_TT2,loss of concentration levels,10013496,10013496,0.3654525641705091,1
LIPITOR.903.ann_TT10,tore my right Achilles tendon just simply taking off from a sprinters stance,10043248,10043248,0.29410228085309226,1
ARTHROTEC.112.ann_TT2,constipation,10010774,10010774,0.9113177292767352,1
LIPITOR.904.ann_TT8,Sores on the inner cheeks,10016059,10047895,0.28290815435739197,0
LIPITOR.134.ann_TT4,Numbness,10040030,10040030,0.6686109338703903,1
LIPITOR.401.ann_TT7,could'nt concentrate,10013496,10013496,0.48571909468258595,1
LIPITOR.946.ann_TT1,Aches and pain from head to toe,10033371,10033371,0.30207827042831525,1
LIPITOR.74.ann_TT10,nerve damage,10052897,10052897,0.4858996288246155,1
LIPITOR.282.ann_TT7,tennis elbow type pain,10014971,10014971,0.5706420770368601,1
LIPITOR.643.ann_TT10,pain in almost every muscle,10028411,10028411,0.2589778448456418,1
LIPITOR.401.ann_TT3,slurred speach,10013887,10013887,0.607078314704933,1
LIPITOR.461.ann_TT6,blood pressure elevated,10005750,10005750,0.595349077075744,1
LIPITOR.269.ann_TT12,plugged ears,10052137,10015535,0.27593411017112524,0
LIPITOR.547.ann_TT6,leg pains,10033425,10033425,0.36133928006166716,1
LIPITOR.51.ann_TT1,muscle pain,10028411,10028411,0.46389765415781087,1
LIPITOR.273.ann_TT19,inability to walk,10017581,10002942,0.3397705427282345,0
ZIPSOR.2.ann_TT3,hurts throat,10068319,10033371,0.4080431181352767,0
LIPITOR.754.ann_TT2,right upper quadrant abdominal pain,10000087,10000087,0.443129941812652,1
LIPITOR.543.ann_TT1,weakness,10003549,10003549,0.6239729281073462,1
LIPITOR.832.ann_TT2,shingles,10019974,10019974,0.8632403979267074,1
LIPITOR.800.ann_TT3,light-headedness feeling,10013573,10013573,0.4982542124067759,1
LIPITOR.934.ann_TT1,Severe plantar faciitis,10035155,10035155,0.28756995203010594,1
VOLTAREN.40.ann_TT5,wild dreams,10000125,10000125,0.48673568967543235,1
LIPITOR.730.ann_TT7,flu like symptoms,10022004,10022004,0.5772709249337752,1
LIPITOR.56.ann_TT10,shoulder pain,10028391,10028391,0.791724069243991,1
LIPITOR.344.ann_TT8,muscles quivering,10028347,10008531,0.21631796020995903,0
LIPITOR.512.ann_TT1,neck pain,10028836,10028836,0.7276233879491112,1
LIPITOR.616.ann_TT14,felt like I had lead in my legs,10013082,10033425,0.20713708784352253,0
LIPITOR.698.ann_TT2,extreme pain in all my joints,10033371,10003239,0.46440684433551827,0
LIPITOR.596.ann_TT4,THIGH PAIN,10033425,10033425,0.5802773789665594,1
LIPITOR.258.ann_TT4,red spots all over my body,10037844,10013457,0.22437244005599977,0
LIPITOR.325.ann_TT8,Weakness,10003549,10003549,0.6239729281073462,1
ARTHROTEC.96.ann_TT2,excruciating pain,10033371,10033371,0.5023051963905104,1
LIPITOR.827.ann_TT11,alzheimer's,10012271,10012271,0.9464287936386395,1
LIPITOR.388.ann_TT8,elevated CRP,10068559,10015535,0.47095006113741333,0
LIPITOR.3.ann_TT11,unable to reach the top of my head with my hands,10033799,10013496,0.2368430527758149,0
LIPITOR.325.ann_TT6,hands hurt,10033425,10033371,0.45279630897028234,0
LIPITOR.85.ann_TT8,unable to find words or remember names,10036467,10027175,0.3128513439901025,0
LIPITOR.585.ann_TT2,swollen legs,10048959,10042674,0.3709515242967336,0
LIPITOR.502.ann_TT6,caused me to limp,10017577,10017577,0.3151274592456244,1
LIPITOR.501.ann_TT3,sore joints,10003239,10003239,0.31481526100899926,1
LIPITOR.647.ann_TT1,My feet feel like I have stone bruises just in front of the heel,10033425,10050584,0.2448100046741501,0
LIPITOR.169.ann_TT6,loose stools,10012735,10012735,0.3618849078909979,1
LIPITOR.66.ann_TT4,memory loss,10001949,10001949,0.6425809872143224,1
LIPITOR.686.ann_TT2,"quick, sharp pain in center of chest",10033371,10033371,0.30014239752931915,1
LIPITOR.199.ann_TT11,pancreatitis,10033645,10033645,0.5904440257925616,1
ARTHROTEC.82.ann_TT6,trembling,10044565,10044565,0.7808475421474501,1
ARTHROTEC.120.ann_TT4,vaginal bleeding and I am only 11 days into my cycle,10013908,10055798,0.23009055209614887,0
CATAFLAM.9.ann_TT11,heart attacks,10028596,10028596,0.6389524478536662,1
LIPITOR.811.ann_TT9,all-over muscle pain,10028411,10028411,0.34344035847220883,1
LIPITOR.7.ann_TT6,irritable bowel syndrome of the sigmoid area and descending colon with obstipation and constipation,10023003,10010774,0.34215751845458064,0
LIPITOR.443.ann_TT5,muscle inflamation,10028653,10028411,0.2842762932493853,0
LIPITOR.93.ann_TT4,headaches,10019211,10019211,0.7224401554640287,1
LIPITOR.561.ann_TT1,Cramping,10028334,10028334,0.5649746967962689,1
LIPITOR.944.ann_TT7,constipation,10010774,10010774,0.9113177292767352,1
LIPITOR.391.ann_TT4,constant hunger,10020466,10020466,0.4459333915291245,1
LIPITOR.563.ann_TT5,swollen hands,10048959,10042674,0.377835430291584,0
LIPITOR.858.ann_TT6,my gait was like someone who could barely walk,10017577,10053204,0.4513375260499784,0
LIPITOR.199.ann_TT4,weakness,10003549,10003549,0.6239729281073462,1
VOLTAREN.40.ann_TT7,tired,10016256,10016256,0.6646466031424189,1
LIPITOR.789.ann_TT4,hair loss,10001760,10001760,0.671990996300265,1
LIPITOR.676.ann_TT2,joint pain,10003239,10003239,0.691884014662168,1
LIPITOR.83.ann_TT10,cramps,10028334,10028334,0.6745265660453021,1
LIPITOR.814.ann_TT12,pains in her back,10003988,10003988,0.4918096538430884,1
CATAFLAM.9.ann_TT1,gassy abdominal cramping,10016766,10000081,0.380546478326897,0
LIPITOR.184.ann_TT6,trouble sleeping,10022437,10022437,0.5849992918221828,1
LIPITOR.561.ann_TT5,fatigue,10016256,10016256,0.6233329888806565,1
LIPITOR.36.ann_TT2,dificult to stand or walk for too long,10050256,10021417,0.22948890389725948,0
LIPITOR.117.ann_TT9,pain,10033371,10033371,0.6918009276629387,1
LIPITOR.677.ann_TT1,damaged his liver,10024670,10067125,0.4402128563518648,0
LIPITOR.430.ann_TT5,legs twitching,10028347,10028347,0.53362129243306,1
LIPITOR.952.ann_TT3,feel achy,10033425,10033371,0.6016082910752352,0
LIPITOR.926.ann_TT10,pain has gone into my shoulder,10028391,10028391,0.49945929393597527,1
LIPITOR.975.ann_TT4,moody,10027940,10027940,0.6068708424062826,1
LIPITOR.979.ann_TT1,Swollen knees,10023232,10042674,0.32942142107702854,0
LIPITOR.891.ann_TT14,gums swelling,10049305,10042674,0.4335310046682732,0
LIPITOR.370.ann_TT2,cough,10011224,10011224,0.7518520374019536,1
LIPITOR.342.ann_TT9,dislocating,10023204,10011224,0.19101558546621666,0
LIPITOR.506.ann_TT2,tremors in right hand,10044565,10044565,0.5261278579870008,1
LIPITOR.311.ann_TT3,burning sensations in calves,10006784,10006784,0.5145049755894421,1
LIPITOR.222.ann_TT3,pain,10033371,10033371,0.6918009276629387,1
LIPITOR.494.ann_TT3,tired,10016256,10016256,0.6646466031424189,1
LIPITOR.834.ann_TT4,numbness hands,10020937,10040030,0.5249835896682725,0
LIPITOR.859.ann_TT3,cannot walk even a short distance due to pain,10017581,10034972,0.13234054900642572,0
LIPITOR.114.ann_TT3,nausea,10028813,10028813,0.9545422318643338,1
LIPITOR.109.ann_TT2,Tight chest,10008469,10008469,0.4386624431415123,1
LIPITOR.399.ann_TT1,pain in ankles,10003239,10033371,0.2591239605976764,0
LIPITOR.735.ann_TT1,very very blurry vision,10047513,10047513,0.6110206996456343,1
LIPITOR.621.ann_TT3,Tingling in toes and feet,10033775,10033775,0.4388880250497762,1
LIPITOR.520.ann_TT1,Very bad pain,10033371,10033371,0.273025855844945,1
LIPITOR.784.ann_TT1,pain in my fingers,10033425,10033371,0.3100064246809225,0
VOLTAREN.37.ann_TT1,diarrhea,10012735,10012735,0.8384855813319483,1
LIPITOR.681.ann_TT2,Fatty strands in my Liver,10076331,10076331,0.34082582503954484,1
LIPITOR.750.ann_TT11,knee throbbing with pain,10003239,10033371,0.3546246582115254,0
LIPITOR.713.ann_TT3,calf muscle cramping,10028334,10028334,0.4817791663806097,1
LIPITOR.26.ann_TT2,general weak feeling overall,10025482,10003549,0.260120492572849,0
LIPITOR.374.ann_TT3,Bell's,10016062,10000081,0.19359764223835002,0
LIPITOR.710.ann_TT7,leg pain,10033425,10033425,0.6934955192927978,1
LIPITOR.6.ann_TT9,severe pain in the neck,10033371,10028836,0.46326621433057974,0
ARTHROTEC.101.ann_TT2,depression,10012378,10012378,0.6521802205713599,1
LIPITOR.703.ann_TT21,malaria,10025487,10025487,0.6094803832238612,1
LIPITOR.253.ann_TT17,cold hands,10034568,10034568,0.5454877229643604,1
LIPITOR.779.ann_TT2,weakness,10003549,10003549,0.6239729281073462,1
LIPITOR.807.ann_TT10,rash,10037844,10037844,0.7076184902253532,1
LIPITOR.662.ann_TT2,joint pain in legs,10003239,10003239,0.502392235475481,1
LIPITOR.687.ann_TT12,inability to perform fine motor skills,10061296,10002942,0.20166093167721655,0
LIPITOR.454.ann_TT5,shoulder pain,10028391,10028391,0.791724069243991,1
CATAFLAM.2.ann_TT1,Dry mouth,10013781,10013781,0.7169364575956223,1
LIPITOR.155.ann_TT9,stomach cramps,10000087,10000087,0.5633507754642378,1
LIPITOR.426.ann_TT3,depression,10012378,10012378,0.6521802205713599,1
VOLTAREN.18.ann_TT2,stomach cramping,10000087,10000087,0.534217017991251,1
LIPITOR.78.ann_TT5,coronary problems,10061024,10071275,0.28284382806689756,0
LIPITOR.272.ann_TT7,difficulty walking,10053204,10053204,0.537332488388046,1
LIPITOR.887.ann_TT6,indigestion,10013946,10013946,0.8199222593455772,1
LIPITOR.18.ann_TT5,joints hurt,10003239,10003239,0.6972568750409507,1
VOLTAREN.34.ann_TT4,pain in my kidney area,10038490,10038490,0.3030312608945711,1
LIPITOR.501.ann_TT1,severe depression,10012378,10012378,0.6822073731319523,1
LIPITOR.84.ann_TT5,joint stiffness,10023230,10023230,0.7007784286262078,1
LIPITOR.250.ann_TT3,heel pain,10033425,10033371,0.446049969764585,0
LIPITOR.460.ann_TT14,legs are killing me,10033425,10033425,0.23355613291133706,1
LIPITOR.310.ann_TT17,sore throat,10068319,10068319,0.7190206674039303,1
LIPITOR.834.ann_TT6,tingling face,10033775,10033775,0.5357014227521699,1
LIPITOR.816.ann_TT6,SICK TO MY STOMACH,10000059,10000059,0.651529805769512,1
LIPITOR.672.ann_TT1,joint pain,10003239,10003239,0.691884014662168,1
LIPITOR.168.ann_TT3,weak,10003549,10003549,0.680444115917777,1
LIPITOR.315.ann_TT14,depressed,10012378,10012378,0.596953561388716,1
DICLOFENAC-SODIUM.3.ann_TT3,breast pain,10006298,10006298,0.4727529169730435,1
LIPITOR.553.ann_TT6,eye hemorrhages,10015926,10055798,0.34339695893910727,0
LIPITOR.683.ann_TT4,type one diabetic,10067584,10012601,0.3654916699599734,0
ARTHROTEC.49.ann_TT1,intense pelvic pain,10034263,10034254,0.2243006361634925,0
LIPITOR.465.ann_TT6,pain,10033371,10033371,0.6918009276629387,1
LIPITOR.972.ann_TT1,brain cancer,10006131,10028997,0.4624035008352189,0
LIPITOR.142.ann_TT2,joint pain,10003239,10003239,0.691884014662168,1
LIPITOR.239.ann_TT7,Hair loss,10001760,10001760,0.671990996300265,1
ARTHROTEC.108.ann_TT3,blood clots in urine,10018867,10043607,0.5885448299878022,0
LIPITOR.730.ann_TT8,lower back ache,10003988,10003988,0.6234996638146004,1
LIPITOR.318.ann_TT17,phlebitis,10034879,10034879,0.7525174156437686,1
LIPITOR.500.ann_TT5,Tingeling in fingers,10033775,10033775,0.4299172197882302,1
LIPITOR.295.ann_TT26,not sure footed as I walked,10017577,10033425,0.1456051632669053,0
ARTHROTEC.25.ann_TT7,extreme hunger,10020466,10020466,0.4260824565322813,1
LIPITOR.44.ann_TT2,damaged my liver,10024670,10067125,0.47395288878482617,0
LIPITOR.478.ann_TT2,painful muscles,10028411,10033371,0.4499016911843698,0
LIPITOR.168.ann_TT1,could barely stand and walk,10050256,10053204,0.4833914982616061,0
LIPITOR.893.ann_TT3,hurt from my ankles to my hips,10003239,10033425,0.23243993168506386,0
LIPITOR.400.ann_TT9,tendonitis in elbows,10043255,10043255,0.5705502731468153,1
LIPITOR.268.ann_TT6,gas,10016766,10016766,0.8488571180332763,1
LIPITOR.434.ann_TT1,Burning of tongue,10077855,10006784,0.33090153188200533,0
LIPITOR.387.ann_TT3,visual deficits,10047571,10047571,0.22028753068490267,1
LIPITOR.279.ann_TT9,loss of short term memory,10027175,10001949,0.331271441097704,0
LIPITOR.898.ann_TT1,Joint pain,10003239,10003239,0.691884014662168,1
LIPITOR.35.ann_TT15,muscle in my angles hurt,10003239,10033371,0.2427470222687899,0
LIPITOR.207.ann_TT5,headaches,10019211,10019211,0.7224401554640287,1
LIPITOR.723.ann_TT9,depression,10012378,10012378,0.6521802205713599,1
LIPITOR.134.ann_TT1,Chest muscle pains,10050819,10008479,0.4490904863665476,0
LIPITOR.465.ann_TT15,ALS,10002026,10048010,0.13275854894958639,0
LIPITOR.821.ann_TT6,muscle pain in back,10003988,10003988,0.373657103905555,1
LIPITOR.762.ann_TT4,unable to focus,10013496,10022437,0.36201935336667646,0
LIPITOR.79.ann_TT10,pain,10033371,10033371,0.6918009276629387,1
LIPITOR.92.ann_TT2,weakness in neck,10028372,10003549,0.4844252277484387,0
LIPITOR.465.ann_TT11,could hardly walk,10053204,10020651,0.1998834704409966,0
LIPITOR.273.ann_TT23,neck pain,10028836,10028836,0.7276233879491112,1
LIPITOR.840.ann_TT2,Severe joint pain in the shoulders,10033371,10028391,0.2810518029351591,0
LIPITOR.765.ann_TT6,arthritis,10003246,10003246,0.7029020819779768,1
LIPITOR.279.ann_TT12,muscle knots up,10028334,10028411,0.28620681352033606,0
LIPITOR.67.ann_TT11,fingers twitching,10028347,10028347,0.49224836594712557,1
LIPITOR.646.ann_TT16,General weakness in my calves,10028372,10003549,0.34577963954256064,0
LIPITOR.392.ann_TT4,couldn't walk,10053204,10013968,0.4020576613015875,0
LIPITOR.974.ann_TT2,loss of memory,10001949,10001949,0.5634826277441652,1
LIPITOR.466.ann_TT9,pain,10033371,10033371,0.6918009276629387,1
LIPITOR.456.ann_TT2,swollen feet & ankles,10048959,10048959,0.36214636934975586,1
LIPITOR.861.ann_TT6,muscle weakness in my right hand causing me to lose grip and drop things,10028372,10028372,0.2864276549815267,1
LIPITOR.939.ann_TT2,Elevated white blood cell count (very high),10047940,10047943,0.42674590540443436,0
LIPITOR.405.ann_TT5,joints poping and cracking,10074329,10003239,0.23895468438736797,0
LIPITOR.951.ann_TT8,hard to stay awake,10041349,10020765,0.28601239976685877,0
LIPITOR.616.ann_TT10,muscle spasmns in legs,10028334,10028334,0.44321876198922194,1
LIPITOR.860.ann_TT8,irritable,10022998,10022998,0.7612023166997887,1
LIPITOR.395.ann_TT8,flu,10022000,10022000,0.4598786929218657,1
LIPITOR.576.ann_TT4,last straw was ringing in the ears,10043882,10033557,0.11518094369072224,0
LIPITOR.378.ann_TT9,stiffness,10052904,10023230,0.4479097757096936,0
ARTHROTEC.91.ann_TT1,aches and pains,10033371,10033371,0.7710029003882701,1
LIPITOR.337.ann_TT4,shoulder pain,10028391,10028391,0.791724069243991,1
LIPITOR.909.ann_TT1,LITTLE CIRCULATION IN MY FINGERS,10036155,10036155,0.338104229503041,1
LIPITOR.386.ann_TT8,pain in chest,10008479,10008479,0.5821338896433004,1
LIPITOR.571.ann_TT4,hair loss,10001760,10001760,0.671990996300265,1
LIPITOR.260.ann_TT1,involuntary movements,10013916,10013916,0.5567615107355501,1
DICLOFENAC-POTASSIUM.2.ann_TT1,pain,10033371,10033371,0.6918009276629387,1
LIPITOR.323.ann_TT12,lack of concentration,10013496,10013496,0.4137029314949157,1
LIPITOR.987.ann_TT1,Fatigue,10016256,10016256,0.6233329888806565,1
LIPITOR.690.ann_TT3,WEEK,10003549,10020765,0.25025815665259915,0
ARTHROTEC.23.ann_TT6,dizzy,10013573,10013573,0.7547138931445874,1
LIPITOR.427.ann_TT3,HEADACHES,10019211,10019211,0.7224401554640287,1
LIPITOR.885.ann_TT5,angina attacks,10002383,10033664,0.29951723687712745,0
LIPITOR.801.ann_TT9,back pain,10003988,10003988,0.7174409065067193,1
LIPITOR.599.ann_TT1,cramps in thigh,10028334,10028334,0.48629288433373874,1
LIPITOR.564.ann_TT12,high cpk,10005483,10015535,0.7424309261203011,0
LIPITOR.132.ann_TT3,muscle pain,10028411,10028411,0.46389765415781087,1
LIPITOR.168.ann_TT15,leg cramps,10028334,10028334,0.5613015747334125,1
LIPITOR.242.ann_TT6,anxiety,10002855,10002855,0.6287385060427579,1
LIPITOR.103.ann_TT9,fibromyalgia,10048439,10048439,0.6856986514030474,1
LIPITOR.537.ann_TT1,severe edema with swelling of limbs,10030124,10042674,0.4012642229750511,0
LIPITOR.982.ann_TT1,headache,10019211,10019211,0.6318617504094937,1
LIPITOR.646.ann_TT3,leg cramps,10028334,10028334,0.5613015747334125,1
ARTHROTEC.35.ann_TT5,hip pain,10003239,10003239,0.6691299558581248,1
LIPITOR.92.ann_TT10,pain,10033371,10033371,0.6918009276629387,1
LIPITOR.887.ann_TT16,tendonitis,10043255,10043255,0.7674683476399525,1
LIPITOR.253.ann_TT1,fatigue,10016256,10016256,0.6233329888806565,1
LIPITOR.152.ann_TT14,choking,10008589,10008589,0.48534495831861146,1
LIPITOR.504.ann_TT1,Extreme back pain,10033371,10003988,0.4099673211332549,0
LIPITOR.74.ann_TT11,liver problems,10024670,10071275,0.36230105956184255,0
LIPITOR.704.ann_TT4,constant itching,10037087,10037087,0.4366965972388124,1
LIPITOR.315.ann_TT6,tingling in the hands,10033775,10033775,0.47532191704304677,1
LIPITOR.669.ann_TT2,pains in legs,10033425,10033425,0.32550023507261505,1
LIPITOR.815.ann_TT3,fatigue,10016256,10016256,0.6233329888806565,1
LIPITOR.262.ann_TT3,VERTIGO LIKE EPISODES,10047340,10047340,0.4365130811585736,1
LIPITOR.511.ann_TT4,insomnia,10022437,10022437,0.6545761969933911,1
LIPITOR.606.ann_TT2,leg pain,10033425,10033425,0.6934955192927978,1
LIPITOR.27.ann_TT7,eyesight has changed,10047571,10047531,0.38768048455013315,0
LIPITOR.196.ann_TT4,unexplained sweating,10020642,10020642,0.38852309600266555,1
LIPITOR.76.ann_TT17,heart disease,10061024,10011078,0.39961603761407904,0
LIPITOR.327.ann_TT13,JOINT PAIN,10003239,10003239,0.691884014662168,1
LIPITOR.845.ann_TT3,decrease in muscle strength,10028372,10028372,0.29925533510323493,1
LIPITOR.546.ann_TT3,leg cramps,10028334,10028334,0.5613015747334125,1
LIPITOR.269.ann_TT9,bloating,10000060,10000060,0.6907894222918445,1
LIPITOR.429.ann_TT2,depression,10012378,10012378,0.6521802205713599,1
LIPITOR.261.ann_TT13,mussel weakness,10028372,10003549,0.5068476491562005,0
ARTHROTEC.37.ann_TT1,massive diarrhea,10012735,10012735,0.5833477905581854,1
LIPITOR.80.ann_TT10,Depression,10012378,10012378,0.6521802205713599,1
LIPITOR.907.ann_TT3,felt weak,10003549,10003549,0.47897837093850754,1
LIPITOR.377.ann_TT10,memory loss,10001949,10001949,0.6425809872143224,1
LIPITOR.374.ann_TT9,night muscle cramps,10028334,10028334,0.6657521790042167,1
LIPITOR.621.ann_TT6,Insomnia,10022437,10022437,0.6545761969933911,1
LIPITOR.77.ann_TT12,forget things all the time,10027175,10022035,0.20319208970462763,0
LIPITOR.310.ann_TT5,sore muscles,10028411,10028334,0.23743686045976853,0
LIPITOR.854.ann_TT6,pain,10033371,10033371,0.6918009276629387,1
VOLTAREN.17.ann_TT5,Cramps,10028334,10028334,0.6745265660453021,1
LIPITOR.546.ann_TT27,tinnitus,10043882,10043882,0.8810354963324833,1
LIPITOR.839.ann_TT3,shoulder pain,10028391,10028391,0.791724069243991,1
ARTHROTEC.9.ann_TT2,vomitting,10047700,10047700,0.3821868235074025,1
SOLARAZE.2.ann_TT5,wanting to quit everything and give up,10011971,10021654,0.24828132434690808,0
ARTHROTEC.137.ann_TT2,stomach pain,10000087,10000087,0.6590991803790386,1
LIPITOR.544.ann_TT6,pain in shoulders,10028391,10028391,0.571374586239757,1
LIPITOR.766.ann_TT1,syncope,10042772,10042772,0.7116418421587637,1
LIPITOR.643.ann_TT4,muscle weakness in my left arm,10028372,10028372,0.4138644141908028,1
LIPITOR.507.ann_TT18,muscle aches,10028411,10028411,0.43325784885683843,1
PENNSAID.3.ann_TT7,stroke,10008190,10008190,0.6969910436812895,1
ARTHROTEC.38.ann_TT3,vomiting,10047700,10047700,0.7458834204010887,1
LIPITOR.357.ann_TT12,pain,10033371,10033371,0.6918009276629387,1
ARTHROTEC.123.ann_TT2,abdominal pain,10000081,10000081,0.590664666421175,1
LIPITOR.699.ann_TT5,neck pain,10028836,10028836,0.7276233879491112,1
LIPITOR.183.ann_TT13,brown water,10012735,10016807,0.2429273949334017,0
LIPITOR.116.ann_TT1,flu,10022000,10022000,0.4598786929218657,1
LIPITOR.219.ann_TT2,Pain in lower back,10003988,10003988,0.666205872046461,1
LIPITOR.461.ann_TT2,headache,10019211,10019211,0.6318617504094937,1
LIPITOR.289.ann_TT3,vomiting,10047700,10047700,0.7458834204010887,1
LIPITOR.562.ann_TT3,intense muscle pain with intense burning in my neck,10028411,10041349,0.22560848066689937,0
LIPITOR.707.ann_TT4,type 11 diabetic,10067585,10012601,0.38380858173513666,0
LIPITOR.371.ann_TT1,back pain,10003988,10003988,0.7174409065067193,1
ARTHROTEC.17.ann_TT15,anemia,10002034,10002034,0.7069922726622457,1
LIPITOR.105.ann_TT4,itchy,10037087,10037087,0.6993780540081136,1
ARTHROTEC.3.ann_TT5,mobility has DECREASED,10048334,10047895,0.24317434090347895,0
LIPITOR.546.ann_TT13,memory loss,10001949,10001949,0.6425809872143224,1
ARTHROTEC.113.ann_TT4,uterus starting to have spasms,10046823,10028334,0.26986468958140275,0
LIPITOR.737.ann_TT2,blood vessels in eye burst,10059096,10055798,0.17937805524463335,0
LIPITOR.596.ann_TT8,VERY TIRED,10016256,10016256,0.48687782051306666,1
LIPITOR.187.ann_TT4,anxiety,10002855,10002855,0.6287385060427579,1
LIPITOR.440.ann_TT2,muscular soreness in arms and shoulders,10028411,10028391,0.5092791745229084,0
LIPITOR.724.ann_TT2,severe thigh muscle pain (both legs involved),10033371,10033425,0.21602801363519972,0
LIPITOR.100.ann_TT3,pain,10033371,10033371,0.6918009276629387,1
LIPITOR.140.ann_TT1,difficulty with digestive system,10017944,10013946,0.40292662153397585,0
LIPITOR.465.ann_TT2,cholesterol climbed,10020603,10005425,0.38117412631338893,0
ARTHROTEC.47.ann_TT2,stomach cramping,10000087,10000087,0.534217017991251,1
LIPITOR.386.ann_TT9,memory problems,10027175,10071275,0.3010777613561999,0
LIPITOR.795.ann_TT8,body aches,10033371,10033371,0.47430343471447745,1
LIPITOR.833.ann_TT5,aches and pains,10033371,10033371,0.7710029003882701,1
LIPITOR.194.ann_TT15,couldn't walk,10053204,10013968,0.4020576613015875,0
LIPITOR.85.ann_TT5,Severe depression,10012378,10012378,0.6822073731319523,1
LIPITOR.389.ann_TT13,lack of appetite,10061428,10061428,0.7253209625779724,1
LIPITOR.168.ann_TT5,calves hurt,10033425,10033371,0.4853713675038904,0
LIPITOR.90.ann_TT1,not sleeping,10022437,10022437,0.5911061393530137,1
LIPITOR.949.ann_TT3,headaches,10019211,10019211,0.7224401554640287,1
VOLTAREN.30.ann_TT8,diarrhea,10012735,10012735,0.8384855813319483,1
LIPITOR.616.ann_TT11,muscle spasmns in left arm,10028334,10028334,0.40915008578496337,1
LIPITOR.109.ann_TT7,Mood swings,10027951,10027951,0.8064812305981619,1
LIPITOR.646.ann_TT23,heart disease,10061024,10011078,0.39961603761407904,0
LIPITOR.180.ann_TT6,hot/cold fever-like sensations in the skin,10061458,10006784,0.22257405761774077,0
LIPITOR.116.ann_TT7,severe leg muscle cramps,10028334,10028334,0.5738370816039196,1
LIPITOR.925.ann_TT13,Mood problems,10001443,10071275,0.3819810628996737,0
LIPITOR.254.ann_TT3,fluish feeling,10022004,10015535,0.2504091157928103,0
LIPITOR.631.ann_TT2,thigh cramps,10028334,10028334,0.5023735109031047,1
LIPITOR.284.ann_TT4,trouble sleeping,10022437,10022437,0.5849992918221828,1
LIPITOR.925.ann_TT4,violent anger,10002368,10001488,0.5165572803781319,0
LIPITOR.216.ann_TT9,high blood pressure,10020772,10005750,0.4573454845542678,0
LIPITOR.822.ann_TT7,HIDEOUS CONSTANT PAIN,10033371,10033371,0.2693261870417697,1
LIPITOR.548.ann_TT8,sweating,10020642,10020642,0.6532619485951761,1
LIPITOR.273.ann_TT4,tingling in hands,10033775,10033775,0.49789919479237593,1
LIPITOR.800.ann_TT11,headaches,10019211,10019211,0.7224401554640287,1
LIPITOR.249.ann_TT4,weakness,10003549,10003549,0.6239729281073462,1
LIPITOR.902.ann_TT5,depression,10012378,10012378,0.6521802205713599,1
LIPITOR.205.ann_TT12,Nausea,10028813,10028813,0.9545422318643338,1
LIPITOR.194.ann_TT4,gum trouble,10018280,10022437,0.28037994914075287,0
LIPITOR.793.ann_TT5,wrist pain,10003239,10003239,0.4289785943622229,1
LIPITOR.686.ann_TT7,heart attack,10028596,10028596,0.6591595326241145,1
LIPITOR.612.ann_TT5,muscle pain,10028411,10028411,0.46389765415781087,1
LIPITOR.917.ann_TT2,stiffness in hands,10023230,10023230,0.36974617053060554,1
ARTHROTEC.72.ann_TT1,frequent menstral periods,10036086,10017367,0.38474301379428655,0
VOLTAREN-XR.21.ann_TT7,bi-polar,10057667,10057667,0.4192501594276864,1
ARTHROTEC.3.ann_TT6,constipation,10010774,10010774,0.9113177292767352,1
LIPITOR.595.ann_TT3,intolerable itching,10037087,10037087,0.3967313840704888,1
LIPITOR.441.ann_TT1,Rhabdomyolysis,10039020,10039020,0.6469942247750959,1
LIPITOR.497.ann_TT7,went down muscles,10028372,10048010,0.20053777675871245,0
LIPITOR.410.ann_TT2,Facial swelling,10042682,10042682,0.5744600158796244,1
LIPITOR.819.ann_TT14,heart disease,10061024,10011078,0.39961603761407904,0
LIPITOR.758.ann_TT1,Very very tired,10016256,10016256,0.35702547856297195,1
LIPITOR.352.ann_TT2,severe headaches,10019211,10019211,0.5243606956958171,1
LIPITOR.568.ann_TT3,muscle cramps in lower legs,10028334,10028334,0.5451235472337015,1
ARTHROTEC.78.ann_TT1,severe abdonimal pain,10033371,10000081,0.22330504181545333,0
LIPITOR.847.ann_TT6,rapid pulse,10019303,10043071,0.21010252627741682,0
LIPITOR.237.ann_TT4,eye pain,10015958,10015958,0.6918009276629387,1
VOLTAREN.46.ann_TT8,cramping,10028334,10028334,0.5649746967962689,1
VOLTAREN.44.ann_TT7,bad headache,10019211,10019211,0.5253792549813026,1
LIPITOR.834.ann_TT1,tunnel vision,10045178,10045178,0.8207784902204441,1
LIPITOR.38.ann_TT12,mild nausea,10028813,10028813,0.5110214230463196,1
LIPITOR.154.ann_TT4,hallucinations,10019063,10019063,0.608348801501073,1
LIPITOR.312.ann_TT1,dizzyness,10013573,10013573,0.4254515079218598,1
LIPITOR.814.ann_TT2,pain in legs,10033425,10033425,0.4396908499785779,1
LIPITOR.982.ann_TT3,sore hip(tightIT band),10003239,10033371,0.2664749437085817,0
ARTHROTEC.143.ann_TT5,shoulder pain,10028391,10028391,0.791724069243991,1
LIPITOR.67.ann_TT8,cramps,10028334,10028334,0.6745265660453021,1
ARTHROTEC.38.ann_TT6,loose bowels,10012735,10008399,0.5883817764953809,0
LIPITOR.79.ann_TT2,weakness,10003549,10003549,0.6239729281073462,1
DICLOFENAC-SODIUM.1.ann_TT2,tired,10016256,10016256,0.6646466031424189,1
LIPITOR.755.ann_TT1,stomach discomfort,10000087,10000087,0.593180790174204,1
LIPITOR.901.ann_TT4,fatique,10016256,10016256,0.2740074151952472,1
LIPITOR.306.ann_TT6,legs are restless,10058920,10058920,0.5213504822931379,1
ARTHROTEC.47.ann_TT7,couldn't sleep,10022437,10013968,0.43033776841865845,0
LIPITOR.899.ann_TT7,weak legs,10028372,10003549,0.35595711170668204,0
LIPITOR.946.ann_TT2,very grouchy,10022998,10022998,0.3315759978996462,1
LIPITOR.570.ann_TT2,Muscle Pain in upper back,10003988,10003988,0.31505287332235715,1
LIPITOR.593.ann_TT3,leg pain,10033425,10033425,0.6934955192927978,1
LIPITOR.335.ann_TT1,Severe muscle pain,10033371,10028411,0.34303312158771704,0
LIPITOR.269.ann_TT16,cough,10011224,10011224,0.7518520374019536,1
LIPITOR.840.ann_TT5,cramping in my hands,10028334,10028334,0.40697687001833116,1
LIPITOR.721.ann_TT2,swells the nasal passages,10028750,10028735,0.25226435688961035,0
LIPITOR.621.ann_TT4,pain in toes and feet,10033425,10033425,0.3334007839911128,1
LIPITOR.858.ann_TT3,sore knees,10003239,10003239,0.3864577498324726,1
VOLTAREN.46.ann_TT10,crabbiness,10022998,10022998,0.2855920256363711,1
VOLTAREN.13.ann_TT1,allergic reaction,10020751,10020751,0.7056960315855437,1
ARTHROTEC.3.ann_TT4,extreme itching on legs and arms,10037087,10037087,0.2851113881931604,1
LIPITOR.395.ann_TT12,pain,10033371,10033371,0.6918009276629387,1
LIPITOR.734.ann_TT3,at times felt like i'm going blind,10047571,10061920,0.2294998117563485,0
LIPITOR.447.ann_TT2,constipation,10010774,10010774,0.9113177292767352,1
LIPITOR.401.ann_TT5,loss of short term memory,10027175,10001949,0.331271441097704,0
LIPITOR.335.ann_TT5,heart attack,10028596,10028596,0.6591595326241145,1
LIPITOR.690.ann_TT1,HURT EVERY WHERE,10033371,10033371,0.3684323676296122,1
ARTHROTEC.122.ann_TT8,could not stop shaking,10044565,10044565,0.5093222149734459,1
LIPITOR.58.ann_TT8,alzheimers,10012271,10012271,0.7767303646651962,1
LIPITOR.411.ann_TT4,lack of motivation,10002942,10026749,0.2055247072389901,0
ARTHROTEC.58.ann_TT2,Disorentatation,10013395,10013395,0.30744016139163355,1
LIPITOR.920.ann_TT5,pain,10033371,10033371,0.6918009276629387,1
LIPITOR.455.ann_TT2,extreme pain in my should and arm,10033371,10028391,0.24846347330477986,0
LIPITOR.559.ann_TT2,leg cramps,10028334,10028334,0.5613015747334125,1
LIPITOR.920.ann_TT2,muscle weakness,10028372,10028372,0.5464105207449803,1
LIPITOR.778.ann_TT1,joint pain,10003239,10003239,0.691884014662168,1
LIPITOR.965.ann_TT10,hips ache,10003239,10003239,0.39291509380730094,1
LIPITOR.360.ann_TT8,constant pain knees,10033371,10003239,0.43444775828523785,0
LIPITOR.870.ann_TT10,heart disease,10061024,10011078,0.39961603761407904,0
LIPITOR.334.ann_TT2,muscle pain,10028411,10028411,0.46389765415781087,1
LIPITOR.662.ann_TT6,calves joint pain in,10003239,10003239,0.5316844670732754,1
LIPITOR.216.ann_TT15,pain,10033371,10033371,0.6918009276629387,1
LIPITOR.839.ann_TT8,feel pretty lousy,10025482,10016322,0.25752395189128674,0
LIPITOR.280.ann_TT1,severn calf cramps,10028334,10028334,0.4694380899698367,1
PENNSAID.1.ann_TT7,gastro effects,10016766,10017944,0.30024614191795856,0
CAMBIA.3.ann_TT6,vomit,10047700,10047700,0.7217384868243815,1
LIPITOR.801.ann_TT7,Big weight gain in stomach area,10047899,10047899,0.36566956023107744,1
LIPITOR.209.ann_TT2,tiredness,10016256,10016256,0.7429707900888743,1
LIPITOR.526.ann_TT5,Vision is giving me problems,10047571,10071275,0.2711407053148529,0
LIPITOR.3.ann_TT3,Pain was worse,10033371,10033371,0.2998916517797081,1
LIPITOR.22.ann_TT1,abdominal cramping,10000081,10000081,0.4154501262540355,1
LIPITOR.92.ann_TT9,weakness,10003549,10003549,0.6239729281073462,1
VOLTAREN-XR.1.ann_TT5,blisters in my mouth,10030995,10013781,0.31022113326639955,0
LIPITOR.336.ann_TT2,sleepy,10041349,10041349,0.6982451549890851,1
LIPITOR.705.ann_TT1,severe joint pains,10033371,10003239,0.356678428935263,0
LIPITOR.701.ann_TT2,severe muscle pain in neck,10033371,10028836,0.37022798449533945,0
LIPITOR.490.ann_TT1,blurred vision,10047513,10047513,0.7922405997048279,1
ARTHROTEC.47.ann_TT4,cramps,10028334,10028334,0.6745265660453021,1
VOLTAREN.17.ann_TT1,stomach cramps,10000087,10000087,0.5633507754642378,1
LIPITOR.130.ann_TT11,shoulder pain,10028391,10028391,0.791724069243991,1
ARTHROTEC.42.ann_TT16,cramps,10028334,10028334,0.6745265660453021,1
LIPITOR.456.ann_TT1,intense calf pain,10033425,10041349,0.2981274053976599,0
LIPITOR.217.ann_TT10,urge to urinate,10027566,10013990,0.23250872368631348,0
LIPITOR.822.ann_TT1,EXCRUCIATING PAIN IN SHOULDERS,10033371,10028391,0.3623230121017057,0
LIPITOR.773.ann_TT5,very bad pains in hands,10033425,10033371,0.24576591736927347,0
VOLTAREN.2.ann_TT2,chest pain,10008479,10008479,0.6534141771009714,1
LIPITOR.834.ann_TT3,tingling hands,10033775,10033775,0.5651355294890914,1
ARTHROTEC.8.ann_TT3,can't sleep,10022437,10061428,0.3141412149729565,0
LIPITOR.931.ann_TT2,depression,10012378,10012378,0.6521802205713599,1
LIPITOR.302.ann_TT6,pain,10033371,10033371,0.6918009276629387,1
ARTHROTEC.132.ann_TT7,major cramps,10028334,10028334,0.47691682044455913,1
LIPITOR.545.ann_TT4,severe muscle back cramp,10028334,10028334,0.3337491238295412,1
DICLOFENAC-POTASSIUM.3.ann_TT5,sick,10025482,10025482,0.7298621115952271,1
LIPITOR.375.ann_TT4,upper respiratory infections,10046306,10046306,0.7214610407740668,1
LIPITOR.39.ann_TT5,skin itchiness,10037087,10037087,0.3424686457455405,1
ARTHROTEC.59.ann_TT11,skin was all red,10015150,10015150,0.2646387883430883,1
LIPITOR.73.ann_TT5,Lost muscular strength,10028372,10028372,0.40926372113424453,1
LIPITOR.124.ann_TT2,mood changes,10027951,10027951,0.542873329530468,1
LIPITOR.730.ann_TT2,very tired,10016256,10016256,0.48687782051306666,1
LIPITOR.826.ann_TT8,shin pain,10033425,10033371,0.4740941377599928,0
DICLOFENAC-POTASSIUM.3.ann_TT1,throat pain,10068319,10068319,0.3370053335380711,1
LIPITOR.59.ann_TT5,Weak & wobbley ankles,10028372,10003549,0.3888414289676648,0
LIPITOR.819.ann_TT3,buzzing left leg,10033775,10033425,0.18380549601869742,0
LIPITOR.76.ann_TT12,memory loss,10001949,10001949,0.6425809872143224,1
LIPITOR.167.ann_TT10,fever,10037660,10037660,0.6388759517930769,1
LIPITOR.562.ann_TT7,muscle pains,10028411,10033371,0.31192115645910584,0
LIPITOR.384.ann_TT11,severe fatigue,10016256,10016256,0.45520748735507377,1
LIPITOR.526.ann_TT4,memory loss,10001949,10001949,0.6425809872143224,1
ARTHROTEC.122.ann_TT6,urine full of blood,10018867,10055798,0.2272928054500033,0
LIPITOR.568.ann_TT6,sever swelling of ankles,10030124,10042674,0.3447124764978996,0
LIPITOR.129.ann_TT2,depression,10012378,10012378,0.6521802205713599,1
LIPITOR.569.ann_TT17,heart attack,10028596,10028596,0.6591595326241145,1
LIPITOR.546.ann_TT48,nightmares,10029412,10029412,0.7920176723172949,1
ARTHROTEC.127.ann_TT4,back ache,10003988,10003988,0.6751660146368942,1
LIPITOR.377.ann_TT9,muscle pain,10028411,10028411,0.46389765415781087,1
LIPITOR.358.ann_TT11,severe polyathralgia in leg joints,10003239,10003239,0.26004287664859627,1
LIPITOR.564.ann_TT13,short term memory is terrible,10027175,10027175,0.35373460114328514,1
LIPITOR.382.ann_TT4,hypothyroidism,10021114,10021114,0.786027863982258,1
LIPITOR.65.ann_TT2,no sleep,10022437,10022437,0.6154206001924472,1
LIPITOR.911.ann_TT4,very serious depression,10012378,10012378,0.3984007719677774,1
LIPITOR.378.ann_TT3,weakness,10003549,10003549,0.6239729281073462,1
LIPITOR.399.ann_TT4,could not sleep,10022437,10020765,0.3112656797137626,0
VOLTAREN.33.ann_TT2,cramping,10028334,10028334,0.5649746967962689,1
ARTHROTEC.4.ann_TT4,horrific cramps,10028334,10028334,0.4705965921110833,1
ARTHROTEC.62.ann_TT4,rematoid arthro,10039073,10039073,0.30075726714009654,1
LIPITOR.571.ann_TT5,panic attacks,10033664,10033664,0.6977886434688532,1
LIPITOR.236.ann_TT2,Hands numb,10020937,10020937,0.6927752453459235,1
LIPITOR.128.ann_TT1,stiff neck,10052904,10028836,0.5248784600232475,0
LIPITOR.341.ann_TT3,heart attack,10028596,10028596,0.6591595326241145,1
LIPITOR.725.ann_TT4,flu bug,10022000,10022000,0.28927468489480623,1
LIPITOR.63.ann_TT4,dificultly in walking,10053204,10017577,0.4021209920698426,0
ARTHROTEC.6.ann_TT10,pain,10033371,10033371,0.6918009276629387,1
LIPITOR.870.ann_TT7,horrible pain,10033371,10033371,0.2696810034091951,1
LIPITOR.433.ann_TT2,constipated,10010774,10010774,0.6418380474067904,1
LIPITOR.631.ann_TT9,ache all over,10033371,10033371,0.3721184665469626,1
LIPITOR.727.ann_TT17,gas,10016766,10016766,0.8488571180332763,1
LIPITOR.926.ann_TT5,problems with various muscles,10028641,10071275,0.2464722092783705,0
LIPITOR.668.ann_TT5,pains hips,10003239,10003239,0.3592037688327767,1
LIPITOR.726.ann_TT2,lazyness (I don't feel like doing anything),10002942,10020651,0.3280904202482865,0
LIPITOR.257.ann_TT2,cramping in legs,10028334,10028334,0.43990263677221736,1
LIPITOR.787.ann_TT33,generalized skin discoloration,10040829,10040829,0.28960489661563066,1
LIPITOR.548.ann_TT10,shortness of breath,10013968,10013968,0.8226170209516501,1
ARTHROTEC.137.ann_TT7,hot flashes,10016825,10016825,0.7638249310812706,1
LIPITOR.505.ann_TT2,constipation,10010774,10010774,0.9113177292767352,1
LIPITOR.492.ann_TT6,felt flu-like,10022004,10022004,0.40849586978846186,1
ARTHROTEC.22.ann_TT10,dry mouth,10013781,10013781,0.7169364575956223,1
ARTHROTEC.31.ann_TT8,very irritable,10022998,10022998,0.6401069960394554,1
LIPITOR.6.ann_TT8,severe pain in the upper back,10033371,10003988,0.33468306705848183,0
VOLTAREN.27.ann_TT1,tired,10016256,10016256,0.6646466031424189,1
LIPITOR.176.ann_TT4,urinery tract infection,10046571,10046571,0.4796360749557171,1
LIPITOR.684.ann_TT3,loss of muscle structure in the calf muscles,10028289,10028334,0.2297278857247991,0
LIPITOR.272.ann_TT6,neck pain,10028836,10028836,0.7276233879491112,1
LIPITOR.422.ann_TT7,less patience,10049976,10040984,0.23332112522683066,0
LIPITOR.936.ann_TT13,ankle skin flaked off like dermatitis,10040844,10012431,0.3011047480742008,0
LIPITOR.658.ann_TT6,hand writting had deteriorated,10058319,10062237,0.30767779764607117,0
LIPITOR.461.ann_TT1,flu like symptoms,10022004,10022004,0.5772709249337752,1
LIPITOR.898.ann_TT2,SEVERE muscle pain - especially in lower calfs of both legs,10033371,10003988,0.16649177113700264,0
LIPITOR.320.ann_TT3,not be able to process thoughts,10027353,10043431,0.25800428228455774,0
LIPITOR.826.ann_TT3,weakness in upper arm muscles,10028372,10028372,0.3368508276097202,1
LIPITOR.266.ann_TT4,weight loss,10047895,10047895,0.6542416367337622,1
LIPITOR.807.ann_TT4,skin was very red and rough,10015150,10015150,0.21327376056568587,1
ARTHROTEC.63.ann_TT6,sweating a lot,10020642,10020642,0.5257797684270739,1
LIPITOR.568.ann_TT10,mild depression,10012378,10012378,0.474536402982023,1
LIPITOR.119.ann_TT5,can barely walk,10053204,10053204,0.568683337977911,1
LIPITOR.956.ann_TT3,loss of speech,10041466,10013887,0.29698996627994484,0
LIPITOR.229.ann_TT3,fibromalgia,10048439,10048439,0.41106264891149386,1
LIPITOR.467.ann_TT5,dizziness,10013573,10013573,0.6496689493313289,1
LIPITOR.395.ann_TT9,knuckles are so swollen,10048959,10042674,0.32379270642412267,0
LIPITOR.583.ann_TT1,weight gain,10047899,10047899,0.7214102859566327,1
LIPITOR.323.ann_TT4,lack of concentration,10013496,10013496,0.4137029314949157,1
LIPITOR.985.ann_TT1,severe depression,10012378,10012378,0.6822073731319523,1
LIPITOR.818.ann_TT9,numbness in fingers,10020937,10040030,0.4520884221778521,0
ARTHROTEC.16.ann_TT2,abdominal pain,10000081,10000081,0.590664666421175,1
LIPITOR.605.ann_TT2,exhaustion,10016256,10016256,0.9133903802358754,1
LIPITOR.661.ann_TT5,bottoms of my feet hurt,10033425,10033371,0.3138865160305525,0
LIPITOR.966.ann_TT11,back pain,10003988,10003988,0.7174409065067193,1
LIPITOR.995.ann_TT1,Aches and pains,10033371,10033371,0.7710029003882701,1
VOLTAREN.8.ann_TT13,heart racing,10033557,10033557,0.8280673647299006,1
LIPITOR.78.ann_TT4,heart disease,10061024,10011078,0.39961603761407904,0
LIPITOR.80.ann_TT1,Muscle Fatigue,10049565,10049565,0.6233329888806568,1
LIPITOR.8.ann_TT6,fatigue,10016256,10016256,0.6233329888806565,1
VOLTAREN.8.ann_TT12,hoarseness/coughing,10013952,10011224,0.31712138953063573,0
LIPITOR.417.ann_TT1,Blurred vision,10047513,10047513,0.7922405997048279,1
LIPITOR.790.ann_TT5,pain in my shoulder,10028391,10028391,0.6809940777612578,1
LIPITOR.873.ann_TT2,vertigo,10047340,10047340,0.7389616296467159,1
LIPITOR.279.ann_TT14,short term memory loss,10027175,10001949,0.369761211798478,0
LIPITOR.227.ann_TT9,cholesterol was very high,10020603,10005425,0.3322946010293611,0
LIPITOR.221.ann_TT8,dry mouth,10013781,10013781,0.7169364575956223,1
LIPITOR.346.ann_TT2,flatulence,10016766,10016766,0.8302237313741042,1
LIPITOR.168.ann_TT7,painful,10033371,10033371,0.6323450260062814,1
LIPITOR.990.ann_TT6,Weakness in Leg Muscles,10028372,10028372,0.3799052969748943,1
LIPITOR.415.ann_TT1,severe muscle weakness,10028372,10028372,0.45388238188678903,1
LIPITOR.56.ann_TT8,shoulder painful,10028391,10028391,0.42543731078534675,1
LIPITOR.912.ann_TT1,rhabdomyolosis,10039020,10039020,0.38086549296268024,1
LIPITOR.360.ann_TT5,falling asleep all the time,10020765,10041349,0.4793506907265386,0
ARTHROTEC.15.ann_TT5,pain,10033371,10033371,0.6918009276629387,1
LIPITOR.337.ann_TT3,pain,10033371,10033371,0.6918009276629387,1
ARTHROTEC.49.ann_TT2,back pain,10003988,10003988,0.7174409065067193,1
LIPITOR.79.ann_TT8,pain,10033371,10033371,0.6918009276629387,1
LIPITOR.515.ann_TT1,tire very quickly muscles,10049565,10028334,0.17982366636956032,0
LIPITOR.477.ann_TT1,Fatigue,10016256,10016256,0.6233329888806565,1
LIPITOR.831.ann_TT1,pain in upper right arm,10033425,10033425,0.3059872304169366,1
LIPITOR.76.ann_TT15,foot pain,10033425,10033425,0.5961440780175853,1
LIPITOR.536.ann_TT5,severe hip pain,10033371,10003239,0.46082523465510994,0
LIPITOR.359.ann_TT21,gas,10016766,10016766,0.8488571180332763,1
LIPITOR.364.ann_TT2,extreme fatigue,10003549,10016256,0.44131576761768926,0
LIPITOR.69.ann_TT5,sore ankles,10003239,10033371,0.2737017352697347,0
LIPITOR.163.ann_TT9,stiff,10052904,10023230,0.2510534864754501,0
LIPITOR.103.ann_TT6,fatigue,10016256,10016256,0.6233329888806565,1
CATAFLAM.8.ann_TT3,pain,10033371,10033371,0.6918009276629387,1
LIPITOR.400.ann_TT6,hardly walk,10053204,10053204,0.23913617416080435,1
LIPITOR.69.ann_TT1,Eye sight appeared foggy,10047513,10041349,0.20717154819641256,0
LIPITOR.35.ann_TT6,abdominal pain,10000081,10000081,0.590664666421175,1
LIPITOR.928.ann_TT2,horrible fatigue,10016256,10016256,0.4324419566319426,1
VOLTAREN-XR.19.ann_TT5,muscle weakness,10028372,10028372,0.5464105207449803,1
LIPITOR.371.ann_TT5,wind,10016766,10062519,0.12510775980456446,0
LIPITOR.82.ann_TT5,tired all the time,10016256,10016256,0.37296665820228697,1
ZIPSOR.2.ann_TT1,pain,10033371,10033371,0.6918009276629387,1
LIPITOR.470.ann_TT9,had to use a cane to walk,10050778,10053204,0.18591314555741448,0
LIPITOR.603.ann_TT10,dizziness,10013573,10013573,0.6496689493313289,1
LIPITOR.217.ann_TT6,stomach pain,10000087,10000087,0.6590991803790386,1
LIPITOR.122.ann_TT3,Extremely tired,10016256,10016256,0.3604788700779964,1
LIPITOR.261.ann_TT12,unable to walk,10017581,10021417,0.32035848704541714,0
VOLTAREN.46.ann_TT12,face and fingers are swollen,10042682,10042682,0.35504365773046764,1
LIPITOR.454.ann_TT1,lightheadedness,10013573,10013573,0.8036619684243345,1
LIPITOR.654.ann_TT3,fatigue,10016256,10016256,0.6233329888806565,1
VOLTAREN.12.ann_TT7,discomfort,10013082,10013082,0.4030723121360739,1
CATAFLAM.5.ann_TT2,Stevens Johnson Syndrome,10042033,10042033,0.553688783912667,1
LIPITOR.947.ann_TT5,hair loss,10001760,10001760,0.671990996300265,1
LIPITOR.245.ann_TT2,numbness,10040030,10040030,0.6686109338703903,1
LIPITOR.757.ann_TT8,pain,10033371,10033371,0.6918009276629387,1
ARTHROTEC.79.ann_TT5,pain,10033371,10033371,0.6918009276629387,1
LIPITOR.271.ann_TT6,incipient dementia,10057668,10012267,0.378827154795378,0
LIPITOR.18.ann_TT12,Fatigued,10016256,10016256,0.7029081195349121,1
LIPITOR.77.ann_TT7,bleed,10055798,10055798,0.605317474665473,1
LIPITOR.422.ann_TT8,loose temper faster,10001488,10002368,0.2881498949135543,0
LIPITOR.703.ann_TT19,terrible muscle pain,10028411,10033371,0.3033854094550983,0
LIPITOR.757.ann_TT11,heartburn,10013946,10013946,0.8057946590556557,1
LIPITOR.966.ann_TT3,back pain Lower,10003988,10003988,0.7246140783473493,1
LIPITOR.265.ann_TT1,muscle problems,10028641,10071275,0.35039954634142345,0
LIPITOR.269.ann_TT29,anxiety,10002855,10002855,0.6287385060427579,1
LIPITOR.652.ann_TT15,tingly feeling in hands,10033775,10033775,0.45043259864202945,1
LIPITOR.997.ann_TT4,Pain in ankles,10003239,10033371,0.2591239605976764,0
LIPITOR.695.ann_TT8,Type II Diabetes,10067585,10012601,0.4672304471339622,0
LIPITOR.913.ann_TT3,shoulder pain,10028391,10028391,0.791724069243991,1
LIPITOR.795.ann_TT4,chest aches,10008479,10033371,0.4457342356901743,0
LIPITOR.707.ann_TT10,gastro problem,10056819,10003778,0.32957145799812904,0
LIPITOR.823.ann_TT2,Legs feel tired,10049565,10016256,0.3564370969508447,0
LIPITOR.682.ann_TT2,eye sight changes,10047571,10047571,0.2629247736826083,1
LIPITOR.101.ann_TT4,NO SLEEP,10022437,10022437,0.6154206001924472,1
LIPITOR.225.ann_TT8,Just wanted to sleep,10020765,10041349,0.3386736181588878,0
LIPITOR.728.ann_TT6,put weight on suddenly for no reason,10047899,10047899,0.41261543520078847,1
LIPITOR.27.ann_TT1,headache,10019211,10019211,0.6318617504094937,1
LIPITOR.469.ann_TT1,legs ached,10033425,10033425,0.3760491189666534,1
LIPITOR.856.ann_TT12,Exhaustion,10016256,10016256,0.9133903802358754,1
ARTHROTEC.63.ann_TT12,skin was all red,10015150,10015150,0.2646387883430883,1
LIPITOR.466.ann_TT4,constant low level pain,10033371,10003988,0.1722590754107765,0
LIPITOR.349.ann_TT4,memory loss,10001949,10001949,0.6425809872143224,1
VOLTAREN.12.ann_TT1,leg cramps,10028334,10028334,0.5613015747334125,1
LIPITOR.46.ann_TT8,loss the will to do anything,10002942,10013709,0.23788706301570336,0
ARTHROTEC.47.ann_TT1,hunger feeling,10020466,10020466,0.49769108208652185,1
LIPITOR.765.ann_TT3,muscle pain,10028411,10028411,0.46389765415781087,1
LIPITOR.22.ann_TT2,gas,10016766,10016766,0.8488571180332763,1
LIPITOR.269.ann_TT23,decreased sense of smell,10050515,10034018,0.4711651382839557,0
LIPITOR.479.ann_TT6,crying for no reason,10011469,10011469,0.45416490950723787,1
LIPITOR.941.ann_TT3,joint stiffness in hands,10023230,10023230,0.6012508218678447,1
LIPITOR.669.ann_TT9,toes hurt,10033425,10033371,0.45861115901792177,0
ARTHROTEC.85.ann_TT3,Major stomach pain,10033371,10000087,0.4985043480191984,0
LIPITOR.668.ann_TT8,fingers hurt,10033425,10033371,0.5431229563461941,0
LIPITOR.273.ann_TT21,couldn't walk,10053204,10013968,0.4020576613015875,0
LIPITOR.435.ann_TT3,tintinitus,10043882,10043882,0.5631073703545139,1
LIPITOR.950.ann_TT1,stomach discomfort,10000087,10000087,0.593180790174204,1
LIPITOR.359.ann_TT7,bloating,10000060,10000060,0.6907894222918445,1
DICLOFENAC-SODIUM.5.ann_TT1,foot was hurting,10033425,10033557,0.3756895267614051,0
ARTHROTEC.113.ann_TT11,pain,10033371,10033371,0.6918009276629387,1
LIPITOR.537.ann_TT5,rhabdomyolysis/muscle loss,10028289,10039020,0.47195188962280776,0
LIPITOR.401.ann_TT11,sore legs,10033425,10033425,0.4150018571102139,1
LIPITOR.576.ann_TT2,insomnia,10022437,10022437,0.6545761969933911,1
LIPITOR.280.ann_TT20,leg cramps,10028334,10028334,0.5613015747334125,1
LIPITOR.992.ann_TT2,muscle wasting in the arms,10028289,10028289,0.45891068965438486,1
LIPITOR.896.ann_TT1,severe pain close to my the crotch area,10033371,10012378,0.135223191183621,0
LIPITOR.711.ann_TT1,charley horses,10028334,10061428,0.27748831730462237,0
LIPITOR.70.ann_TT8,skin began to come off,10040844,10048010,0.40500201695499116,0
ARTHROTEC.65.ann_TT2,diahrea,10012735,10012735,0.1571126714616245,1
CATAFLAM.10.ann_TT3,collitis,10009887,10009887,0.2706106938526499,1
LIPITOR.274.ann_TT3,arthritis,10003246,10003246,0.7029020819779768,1
LIPITOR.490.ann_TT2,muscle pain,10028411,10028411,0.46389765415781087,1
LIPITOR.388.ann_TT5,restless leg syndrome,10058920,10058920,0.6728445441109512,1
LIPITOR.641.ann_TT7,chest pains,10008479,10008479,0.6229162278916632,1
LIPITOR.832.ann_TT1,shingles,10019974,10019974,0.8632403979267074,1
ARTHROTEC.118.ann_TT4,appetite increase,10021654,10061428,0.4022652084554878,0
LIPITOR.286.ann_TT5,pain,10033371,10033371,0.6918009276629387,1
LIPITOR.840.ann_TT17,finger numbness,10020937,10040030,0.5159800685690119,0
LIPITOR.979.ann_TT12,arthritis,10003246,10003246,0.7029020819779768,1
LIPITOR.603.ann_TT3,extreme leg pain,10033371,10033425,0.4280970772834566,0
LIPITOR.277.ann_TT2,very tired,10016256,10016256,0.48687782051306666,1
ARTHROTEC.51.ann_TT2,dizziness,10013573,10013573,0.6496689493313289,1
LIPITOR.980.ann_TT5,extreme fatigued,10003549,10016256,0.5170998121137306,0
LIPITOR.591.ann_TT7,very severe pains,10033371,10033371,0.28326118093953545,1
LIPITOR.661.ann_TT6,Tingling toes,10033775,10033775,0.5748763545834206,1
LIPITOR.649.ann_TT2,Memory loss,10001949,10001949,0.6425809872143224,1
LIPITOR.669.ann_TT8,fingers hurt,10033425,10033371,0.5431229563461941,0
LIPITOR.508.ann_TT2,Hip pain,10003239,10003239,0.6691299558581248,1
VOLTAREN.34.ann_TT3,chest pains,10008479,10008479,0.6229162278916632,1
LIPITOR.568.ann_TT7,difficulty breathing,10013968,10013968,0.6515793099994999,1
LIPITOR.751.ann_TT1,weakness,10003549,10003549,0.6239729281073462,1
LIPITOR.853.ann_TT3,arm weakness,10028372,10003549,0.5199487408200667,0
LIPITOR.72.ann_TT2,bursitis,10006811,10006811,0.6271653776080458,1
LIPITOR.23.ann_TT7,kidney damage,10038428,10038428,0.2684852894235961,1
LIPITOR.374.ann_TT8,Bell's palsy,10016062,10000081,0.17789201264931986,0
ARTHROTEC.82.ann_TT3,vomiting,10047700,10047700,0.7458834204010887,1
LIPITOR.389.ann_TT6,sciatica,10039674,10039674,0.6542147838036879,1
LIPITOR.729.ann_TT3,occasional dizziness,10013573,10013573,0.49187172085389846,1
LIPITOR.957.ann_TT1,leg cramps,10028334,10028334,0.5613015747334125,1
LIPITOR.186.ann_TT5,joint pain,10003239,10003239,0.691884014662168,1
LIPITOR.359.ann_TT19,pain,10033371,10033371,0.6918009276629387,1
LIPITOR.995.ann_TT7,tinititis,10043882,10043882,0.1925879224142578,1
LIPITOR.546.ann_TT32,pain,10033371,10033371,0.6918009276629387,1
ARTHROTEC.75.ann_TT5,weight gain,10047899,10047899,0.7214102859566327,1
LIPITOR.48.ann_TT4,joint pain,10003239,10003239,0.691884014662168,1
LIPITOR.581.ann_TT8,permanent damage to my muscles,10028641,10019063,0.22021071827990085,0
LIPITOR.668.ann_TT1,jointaches,10003239,10033371,0.21601440593590357,0
LIPITOR.761.ann_TT3,weakness in arms,10028372,10003549,0.47697943554898015,0
LIPITOR.532.ann_TT1,Stomach pain,10000087,10000087,0.6590991803790386,1
LIPITOR.205.ann_TT4,severe back and hip pain,10033371,10003239,0.2754422987204364,0
CATAFLAM.4.ann_TT1,drowsiness,10041349,10041349,0.8646677680635358,1
LIPITOR.193.ann_TT11,symptoms of Parkison's disease,10034010,10061536,0.40911211044095563,0
LIPITOR.763.ann_TT8,pain,10033371,10033371,0.6918009276629387,1
LIPITOR.339.ann_TT6,shuffle when I walk,10017577,10053204,0.20333636703330107,0
LIPITOR.167.ann_TT1,scabs,10039509,10013786,0.15773902930313177,0
ARTHROTEC.127.ann_TT1,nausea,10028813,10028813,0.9545422318643338,1
LIPITOR.536.ann_TT10,sleepless nites,10022437,10022437,0.3797794677816959,1
LIPITOR.994.ann_TT15,pain in their shins,10033425,10033371,0.21454501782487032,0
LIPITOR.519.ann_TT6,back pain,10003988,10003988,0.7174409065067193,1
LIPITOR.193.ann_TT6,toothache,10044055,10044055,0.5660488932730426,1
LIPITOR.734.ann_TT1,migrane headaches,10027599,10019211,0.5537429253712883,0
LIPITOR.727.ann_TT1,legs feel leaden,10013082,10033425,0.34547091956307385,0
LIPITOR.221.ann_TT5,Foggy mental state,10027353,10061284,0.4067609588485078,0
LIPITOR.133.ann_TT4,tingling,10033775,10033775,0.7234834092515484,1
LIPITOR.787.ann_TT27,nausea,10028813,10028813,0.9545422318643338,1
ARTHROTEC.50.ann_TT4,shoulder pain,10028391,10028391,0.791724069243991,1
LIPITOR.27.ann_TT10,leg cramps,10028334,10028334,0.5613015747334125,1
LIPITOR.461.ann_TT3,dizziness,10013573,10013573,0.6496689493313289,1
LIPITOR.12.ann_TT4,decreased testosterone,10005814,10047895,0.25361006844135414,0
LIPITOR.733.ann_TT1,muscle pain,10028411,10028411,0.46389765415781087,1
LIPITOR.199.ann_TT21,acid reflux,10017885,10017885,0.6420455465614989,1
LIPITOR.965.ann_TT6,Weak muscles,10028372,10028372,0.35196837193583463,1
LIPITOR.732.ann_TT3,Numbness in all toes,10020937,10040030,0.45813580699533973,0
LIPITOR.360.ann_TT14,fatigue,10016256,10016256,0.6233329888806565,1
LIPITOR.646.ann_TT20,Depression,10012378,10012378,0.6521802205713599,1
LIPITOR.294.ann_TT9,could hardly walk or sit,10053204,10020651,0.18518716907845334,0
ARTHROTEC.71.ann_TT4,severe colon cramping,10000081,10028334,0.35881336275761355,0
LIPITOR.932.ann_TT7,pain in left foot,10033425,10033425,0.3899269448547319,1
LIPITOR.295.ann_TT10,foot and leg cramps,10028334,10028334,0.432680417620499,1
LIPITOR.870.ann_TT6,pain,10033371,10033371,0.6918009276629387,1
LIPITOR.391.ann_TT1,Exhaustion,10016256,10016256,0.9133903802358754,1
LIPITOR.447.ann_TT3,irritibility,10022998,10022998,0.38915059417513753,1
LIPITOR.53.ann_TT8,gout,10018627,10018627,0.631311161478068,1
LIPITOR.546.ann_TT19,asthma,10003553,10003553,0.8560849086909772,1
ARTHROTEC.31.ann_TT11,GERD,10016766,10016766,0.9492898896413509,1
LIPITOR.915.ann_TT1,Ringing in the ears,10043882,10014011,0.16279070372194965,0
ARTHROTEC.21.ann_TT2,heavy vaginal bleeding,10046910,10055798,0.3416249343280159,0
LIPITOR.24.ann_TT1,severe muscle pain in hips,10033371,10028411,0.2525862708691262,0
LIPITOR.818.ann_TT7,weakness in legs,10028372,10003549,0.48844459845929755,0
LIPITOR.545.ann_TT9,back aches,10003988,10003988,0.391962386816051,1
ARTHROTEC.104.ann_TT4,pain,10033371,10033371,0.6918009276629387,1
LIPITOR.981.ann_TT7,falls,10016173,10016173,0.836278567093205,1
LIPITOR.366.ann_TT10,hypochondriac,10078077,10078077,0.6000207471345749,1
LIPITOR.884.ann_TT4,Neuropothy in right arm,10029331,10029331,0.2190435435841357,1
LIPITOR.287.ann_TT1,muscle aches,10028411,10028411,0.43325784885683843,1
LIPITOR.578.ann_TT5,muscle loss,10028289,10028411,0.31735650668774706,0
LIPITOR.399.ann_TT3,severe pain in one ankle,10033371,10033425,0.2677576585992393,0
LIPITOR.207.ann_TT16,charley horses in abdomen,10028334,10000060,0.24714646576614133,0
ARTHROTEC.131.ann_TT2,cramps,10028334,10028334,0.6745265660453021,1
LIPITOR.218.ann_TT4,arthritis,10003246,10003246,0.7029020819779768,1
LIPITOR.765.ann_TT2,severe weight loss,10047895,10047895,0.48282650117830817,1
LIPITOR.666.ann_TT4,irritability,10022998,10022998,0.7153209218987916,1
VOLTAREN.7.ann_TT10,pain,10033371,10033371,0.6918009276629387,1
LIPITOR.518.ann_TT6,black outs,10024855,10080276,0.1986051953660083,0
LIPITOR.282.ann_TT3,weakness,10003549,10003549,0.6239729281073462,1
LIPITOR.323.ann_TT16,depression,10012378,10012378,0.6521802205713599,1
LIPITOR.669.ann_TT5,pains hips,10003239,10003239,0.3592037688327767,1
LIPITOR.269.ann_TT15,bronchitis,10006451,10006451,0.7405263819751002,1
LIPITOR.353.ann_TT3,shortness of breath,10013968,10013968,0.8226170209516501,1
ARTHROTEC.83.ann_TT5,swelling of throat,10034829,10034829,0.5504874881741342,1
LIPITOR.414.ann_TT4,leg pain,10033425,10033425,0.6934955192927978,1
LIPITOR.167.ann_TT12,heaviness in the legs,10013082,10033425,0.23171645328692408,0
VOLTAREN.12.ann_TT5,pain in my foot,10033425,10033425,0.5066111589581701,1
LIPITOR.82.ann_TT4,weakness,10003549,10003549,0.6239729281073462,1
LIPITOR.825.ann_TT1,depression,10012378,10012378,0.6521802205713599,1
LIPITOR.43.ann_TT1,pain all over my body,10033371,10013457,0.24726909009556136,0
ARTHROTEC.133.ann_TT2,Menopausal,10027308,10027304,0.3844029987247562,0
LIPITOR.97.ann_TT17,fatigue,10016256,10016256,0.6233329888806565,1
LIPITOR.421.ann_TT5,muscle aches,10028411,10028411,0.43325784885683843,1
ZIPSOR.4.ann_TT1,pain,10033371,10033371,0.6918009276629387,1
ARTHROTEC.100.ann_TT3,canker sores,10002959,10016330,0.1469382595927169,0
LIPITOR.874.ann_TT6,transient global amnesia,10044380,10005184,0.2554777108276578,0
LIPITOR.282.ann_TT1,fatigue,10016256,10016256,0.6233329888806565,1
LIPITOR.177.ann_TT5,paralysis,10033799,10016062,0.4385394321488501,0
LIPITOR.473.ann_TT10,pain,10033371,10033371,0.6918009276629387,1
LIPITOR.185.ann_TT4,Foggy brain,10027353,10027353,0.3593409714551182,1
LIPITOR.229.ann_TT10,pain,10033371,10033371,0.6918009276629387,1
ARTHROTEC.135.ann_TT4,muscle spasms in leg,10028334,10028334,0.6284441344566438,1
LIPITOR.319.ann_TT1,Joint pain,10003239,10003239,0.691884014662168,1
LIPITOR.220.ann_TT4,numbness,10040030,10040030,0.6686109338703903,1
LIPITOR.932.ann_TT1,Stabbing pain between shoulder blades,10033371,10028391,0.316075933499579,0
LIPITOR.531.ann_TT3,in forearms tightness,10049816,10008469,0.43028806974219885,0
CATAFLAM.4.ann_TT5,pain,10033371,10033371,0.6918009276629387,1
LIPITOR.812.ann_TT9,bad taste in mouth,10013911,10013911,0.3304595926517576,1
LIPITOR.623.ann_TT3,leg pain,10033425,10033425,0.6934955192927978,1
LIPITOR.165.ann_TT9,pains,10033371,10033371,0.5990571273837269,1
LIPITOR.247.ann_TT3,vision problems,10047571,10071275,0.33740293535726423,0
VOLTAREN-XR.8.ann_TT1,stomach upset,10000087,10000087,0.5794774477940303,1
LIPITOR.887.ann_TT19,HORRIABLE pain that almost throws me down,10033371,10041349,0.16413865134496533,0
LIPITOR.48.ann_TT12,difficulty walking,10053204,10053204,0.537332488388046,1
LIPITOR.130.ann_TT6,nausea,10028813,10028813,0.9545422318643338,1
LIPITOR.342.ann_TT5,Stiffness in Leg Joint,10052904,10023230,0.6028295707534677,0
LIPITOR.48.ann_TT5,Burning sensations in neck,10006784,10006784,0.5176797799302093,1
LIPITOR.866.ann_TT8,lost all strength,10028372,10028372,0.3560831256275004,1
ARTHROTEC.22.ann_TT3,period cramps,10013935,10028334,0.48450575554643016,0
LIPITOR.264.ann_TT1,in both legs pain,10033425,10033425,0.3474949431333264,1
DICLOFENAC-SODIUM.2.ann_TT6,BLADDER NOT TO EMPTY AS IT SHOULD,10046555,10016322,0.31246093071801817,0
LIPITOR.97.ann_TT3,insomnia,10022437,10022437,0.6545761969933911,1
LIPITOR.899.ann_TT5,joint pain,10003239,10003239,0.691884014662168,1
LIPITOR.323.ann_TT14,major depression,10057840,10057840,0.6521802205713597,1
LIPITOR.795.ann_TT6,short term memory lacking,10027175,10027175,0.3796861978302671,1
LIPITOR.730.ann_TT12,pain in neck,10028836,10028836,0.7177512040814232,1
LIPITOR.242.ann_TT18,obsessively focused on morbid,10050464,10013496,0.35784964222522964,0
LIPITOR.91.ann_TT5,pains,10033371,10033371,0.5990571273837269,1
LIPITOR.75.ann_TT3,pains in my back,10003988,10003988,0.5323493090964572,1
LIPITOR.135.ann_TT4,mood swings,10027951,10027951,0.8064812305981619,1
ARTHROTEC.31.ann_TT7,severe lower abdominal pain/cramping,10000084,10000081,0.31515684589325854,0
LIPITOR.652.ann_TT7,trouble concentrating,10013496,10013496,0.34852534890319736,1
LIPITOR.484.ann_TT3,severe intense left arm and shoulder pain,10033371,10028391,0.3926429758071439,0
LIPITOR.79.ann_TT14,shoulder pain,10028391,10028391,0.791724069243991,1
LIPITOR.914.ann_TT6,Extreme fatigue,10003549,10016256,0.44131576761768926,0
LIPITOR.80.ann_TT6,General Fatigue,10016256,10016256,0.45510834564865194,1
LIPITOR.354.ann_TT3,tiredness,10016256,10016256,0.7429707900888743,1
LIPITOR.852.ann_TT1,Slight muscle aches in my back,10003988,10028411,0.2933648807541864,0
LIPITOR.780.ann_TT10,hypochondriac,10078077,10078077,0.6000207471345749,1
LIPITOR.669.ann_TT4,feet pains,10033425,10033371,0.36099174233149894,0
ARTHROTEC.53.ann_TT1,dizziness,10013573,10013573,0.6496689493313289,1
LIPITOR.297.ann_TT2,excruciatig pain,10033371,10033371,0.4818901967843883,1
ARTHROTEC.43.ann_TT2,diarrhea,10012735,10012735,0.8384855813319483,1
LIPITOR.899.ann_TT6,muscle aches,10028411,10028411,0.43325784885683843,1
LIPITOR.901.ann_TT5,overall weak feeling,10003549,10003549,0.3254883221322999,1
LIPITOR.297.ann_TT7,extreme fatigue,10003549,10016256,0.44131576761768926,0
LIPITOR.297.ann_TT9,muscel pain,10028411,10033371,0.38397035393113665,0
LIPITOR.259.ann_TT7,painful time lifting my own arm,10033371,10033371,0.3384736745536864,1
LIPITOR.927.ann_TT10,rage,10002368,10002368,0.9130792234414431,1
LIPITOR.882.ann_TT3,back soreness,10003988,10003988,0.4545971431683741,1
LIPITOR.626.ann_TT1,legs ached,10033425,10033425,0.3760491189666534,1
LIPITOR.76.ann_TT7,insomnia,10022437,10022437,0.6545761969933911,1
LIPITOR.193.ann_TT9,toothache,10044055,10044055,0.5660488932730426,1
LIPITOR.139.ann_TT2,cataract,10007739,10007739,0.8299432890982785,1
LIPITOR.454.ann_TT4,elbow pain,10003239,10014971,0.35822976980730503,0
LIPITOR.751.ann_TT3,knee pain,10003239,10003239,0.6527217803872281,1
LIPITOR.362.ann_TT7,PARTIAL LOSS OF SIGHT,10047571,10040703,0.21650947234730855,0
LIPITOR.110.ann_TT10,constant lethargy,10024264,10024264,0.657835739002278,1
LIPITOR.568.ann_TT18,memory loss,10001949,10001949,0.6425809872143224,1
LIPITOR.242.ann_TT7,depressed,10012378,10012378,0.596953561388716,1
LIPITOR.562.ann_TT6,muscle pains,10028411,10033371,0.31192115645910584,0
LIPITOR.727.ann_TT10,Severe gas,10016766,10016766,0.33523796111391346,1
LIPITOR.80.ann_TT7,Joint Pain,10003239,10003239,0.691884014662168,1
LIPITOR.982.ann_TT4,depression,10012378,10012378,0.6521802205713599,1
LIPITOR.661.ann_TT9,sore ankles,10003239,10033371,0.2737017352697347,0
LIPITOR.569.ann_TT8,Pain in left arm,10033425,10033425,0.38761190822490144,1
LIPITOR.97.ann_TT10,kidney problems,10038428,10038428,0.42216741140009206,1
LIPITOR.657.ann_TT1,Loss of Vison,10047571,10061428,0.2505189674806888,0
LIPITOR.390.ann_TT6,nausea,10028813,10028813,0.9545422318643338,1
LIPITOR.568.ann_TT15,swelling,10042674,10042674,0.6203710561950174,1
LIPITOR.85.ann_TT11,exhausting,10016256,10016256,0.9041485766346924,1
LIPITOR.1.ann_TT5,pain in feet,10033425,10033425,0.4751757390898891,1
LIPITOR.666.ann_TT1,Stomach cramps,10000087,10000087,0.5633507754642378,1
ARTHROTEC.40.ann_TT4,"stomach trouble, or cramps",10000087,10000087,0.3919130970856508,1
LIPITOR.295.ann_TT30,mood swings,10027951,10027951,0.8064812305981619,1
LIPITOR.339.ann_TT7,hands were nowhere near as strong as they once were,10028372,10040744,0.13625606303387244,0
LIPITOR.785.ann_TT14,Lyme disease,10025169,10038428,0.3937375701888597,0
LIPITOR.163.ann_TT2,fatigue,10016256,10016256,0.6233329888806565,1
LIPITOR.654.ann_TT2,weakness,10003549,10003549,0.6239729281073462,1
LIPITOR.72.ann_TT8,bottoms of feet hurt,10033425,10033371,0.35534632043612413,0
LIPITOR.163.ann_TT10,low in energy,10016256,10048779,0.47215092588459995,0
LIPITOR.314.ann_TT9,muscle pain lower back,10003988,10003988,0.5471305960211678,1
LIPITOR.171.ann_TT5,pain,10033371,10033371,0.6918009276629387,1
LIPITOR.451.ann_TT4,lowering of energy,10016256,10048779,0.3944297117525803,0
LIPITOR.29.ann_TT2,chest muscle soreness,10050819,10008469,0.2648269272962341,0
LIPITOR.242.ann_TT2,ANXIETY,10002855,10002855,0.6287385060427579,1
LIPITOR.284.ann_TT6,anxiety,10002855,10002855,0.6287385060427579,1
LIPITOR.316.ann_TT4,muscle pains,10028411,10033371,0.31192115645910584,0
LIPITOR.200.ann_TT3,muscle cramps,10028334,10028334,0.7603470287168469,1
LIPITOR.247.ann_TT9,Memory loss,10001949,10001949,0.6425809872143224,1
LIPITOR.380.ann_TT1,MUSCLE PAIN IN SHOULDERS,10028411,10028391,0.4056366747751563,0
LIPITOR.443.ann_TT1,muscles aches,10028411,10033371,0.34915953086312984,0
LIPITOR.80.ann_TT3,Cramping,10028334,10028334,0.5649746967962689,1
LIPITOR.418.ann_TT1,Muscle aches and pains,10028411,10033371,0.5164313340743965,0
LIPITOR.83.ann_TT8,cramps,10028334,10028334,0.6745265660453021,1
LIPITOR.632.ann_TT3,COULD NOT WALK,10053204,10002652,0.2229511876925649,0
LIPITOR.206.ann_TT11,blurred vison,10047513,10047513,0.5584927195645977,1
LIPITOR.526.ann_TT6,feel like shit all the time,10025482,10016322,0.43796437504931146,0
LIPITOR.461.ann_TT5,Blood sugar elevated,10005557,10015535,0.38241866193715224,0
ZIPSOR.3.ann_TT3,muscle pain,10028411,10028411,0.46389765415781087,1
LIPITOR.452.ann_TT7,breathlessness,10013968,10038743,0.27013962895233185,0
ARTHROTEC.106.ann_TT4,arthritis,10003246,10003246,0.7029020819779768,1
LIPITOR.587.ann_TT4,damaged my liver permanently,10024670,10067125,0.29025309529283616,0
LIPITOR.351.ann_TT3,Heart attack,10028596,10028596,0.6591595326241145,1
LIPITOR.951.ann_TT4,knee pain,10003239,10003239,0.6527217803872281,1
LIPITOR.851.ann_TT5,stiffness in both legs,10052904,10023230,0.33701952631011456,0
ARTHROTEC.137.ann_TT22,excessive mestrual bleeding,10027313,10055798,0.32017460072665743,0
LIPITOR.963.ann_TT1,sore muscles,10028411,10028334,0.23743686045976853,0
LIPITOR.180.ann_TT7,fever,10037660,10037660,0.6388759517930769,1
LIPITOR.115.ann_TT5,burning back pain,10003988,10053615,0.45583761225984376,0
LIPITOR.456.ann_TT5,severe calf pain,10033371,10042674,0.21111352315869578,0
ARTHROTEC.56.ann_TT1,diarrhea,10012735,10012735,0.8384855813319483,1
LIPITOR.613.ann_TT3,horrible pain in both shoulders,10033371,10028391,0.38065135325520094,0
LIPITOR.820.ann_TT2,fingers hurt,10033425,10033371,0.5431229563461941,0
LIPITOR.707.ann_TT7,can barely walk,10053204,10053204,0.568683337977911,1
LIPITOR.171.ann_TT13,pain,10033371,10033371,0.6918009276629387,1
LIPITOR.535.ann_TT10,fatigue,10016256,10016256,0.6233329888806565,1
LIPITOR.176.ann_TT6,pain,10033371,10033371,0.6918009276629387,1
LIPITOR.343.ann_TT1,Weak muscles,10028372,10028372,0.35196837193583463,1
LIPITOR.66.ann_TT10,joint pain,10003239,10003239,0.691884014662168,1
LIPITOR.316.ann_TT2,fuzzy thinking,10027353,10043431,0.31071202536348463,0
LIPITOR.748.ann_TT5,aching joints shoulders,10003239,10028391,0.26436696214684297,0
LIPITOR.54.ann_TT3,cramping in calves,10028334,10028334,0.45047484341542654,1
VOLTAREN.4.ann_TT4,pain,10033371,10033371,0.6918009276629387,1
LIPITOR.388.ann_TT7,lack of enthusiasm,10002942,10061428,0.245457432918547,0
LIPITOR.546.ann_TT41,asthma,10003553,10003553,0.8560849086909772,1
LIPITOR.320.ann_TT4,not as smart as I use to be,10027353,10061428,0.155819227651026,0
LIPITOR.258.ann_TT17,eyes get blury,10047513,10013774,0.3225690984829762,0
LIPITOR.327.ann_TT28,DEBILITATED,10003549,10001497,0.25567563384105524,0
LIPITOR.717.ann_TT2,extreme muscle pain in shoulders,10033371,10028391,0.33455953951323675,0
LIPITOR.925.ann_TT19,muscle pain,10028411,10028411,0.46389765415781087,1
ARTHROTEC.29.ann_TT8,adenomyosis,10056268,10001233,0.2021987894277996,0
LIPITOR.304.ann_TT2,depression,10012378,10012378,0.6521802205713599,1
DICLOFENAC-SODIUM.3.ann_TT11,pruritus,10037087,10037087,0.6191429702466826,1
LIPITOR.160.ann_TT5,pain,10033371,10033371,0.6918009276629387,1
LIPITOR.319.ann_TT6,fatigue,10016256,10016256,0.6233329888806565,1
LIPITOR.205.ann_TT7,muscle fatigue,10049565,10049565,0.6233329888806568,1
LIPITOR.248.ann_TT3,high sugar attack,10005557,10015535,0.3194955018739351,0
LIPITOR.571.ann_TT2,depression,10012378,10012378,0.6521802205713599,1
LIPITOR.617.ann_TT7,gout,10018627,10018627,0.631311161478068,1
VOLTAREN.46.ann_TT2,shortness of breath,10013968,10013968,0.8226170209516501,1
LIPITOR.592.ann_TT7,shoulder pain,10028391,10028391,0.791724069243991,1
ARTHROTEC.137.ann_TT12,back labor pains,10003988,10003988,0.4510566560084076,1
LIPITOR.76.ann_TT8,vivid dreams,10000125,10000125,0.7494080870033838,1
LIPITOR.708.ann_TT11,constant back pain,10003988,10003988,0.4884725134235489,1
LIPITOR.748.ann_TT6,aching joints knees,10003239,10003239,0.44929679047467097,1
LIPITOR.236.ann_TT4,carpal tunnel syndrome,10007697,10007697,0.5040709682228186,1
LIPITOR.205.ann_TT14,facial paralysis,10016062,10016062,0.7410480238604348,1
ARTHROTEC.105.ann_TT1,body swelling,10042674,10042674,0.47706346727356036,1
LIPITOR.800.ann_TT6,Poor concentration,10013496,10013496,0.43515516768521634,1
LIPITOR.965.ann_TT2,Joint pain in the hips,10003239,10003239,0.49348709021963955,1
LIPITOR.859.ann_TT13,bursitis in the hips,10006811,10006811,0.29664639899610723,1
LIPITOR.232.ann_TT2,painfull,10033371,10033371,0.4017664163212171,1
LIPITOR.97.ann_TT4,tremors,10044565,10044565,0.8119634702790011,1
ARTHROTEC.22.ann_TT1,Severe abdominal cramping,10000087,10000081,0.34997565565924654,0
LIPITOR.259.ann_TT6,damage to my muscles,10028641,10028314,0.31680390781377277,0
LIPITOR.272.ann_TT4,difficulty with speech,10041466,10053204,0.2775931884604604,0
LIPITOR.504.ann_TT14,abdominal problems,10060926,10000081,0.34151984005863534,0
LIPITOR.713.ann_TT8,impaired my ability to exercise,10051301,10047571,0.21971154839341014,0
ARTHROTEC.51.ann_TT3,terrible stomach pain,10033371,10000087,0.3898827866918285,0
LIPITOR.66.ann_TT7,insomnia,10022437,10022437,0.6545761969933911,1
LIPITOR.544.ann_TT5,muscle atrophy Arms,10028289,10028289,0.6275694411821099,1
ARTHROTEC.47.ann_TT5,arthritis,10003246,10003246,0.7029020819779768,1
LIPITOR.427.ann_TT5,SEVERE KNEE PAIN,10033371,10003239,0.46775864056164507,0
LIPITOR.875.ann_TT5,had pains throughout my upper body,10033371,10033371,0.18606835684835127,1
LIPITOR.231.ann_TT2,body ached,10033371,10047895,0.22989954251861355,0
LIPITOR.777.ann_TT2,gaining excess weight,10047899,10047899,0.5649807608551219,1
